"Package","Class","Test","348","347","346","345","344"
"(root)","","SORM.test_sorm","N/A","N/A","N/A","N/A","N/A"
"(root)","","SORM.test_sorm_ver2","N/A","N/A","N/A","N/A","N/A"
"(root)","","test_sorm","N/A","N/A","N/A","N/A","N/A"
"SORM.test_sorm","TestCase1","test_run[0000_start_sorm.dmp]","N/A","N/A","N/A","N/A","N/A"
"SORM.test_sorm","TestCase1","test_run[0001_Beeline_CALLDIR1.dmp]","N/A","N/A","N/A","N/A","N/A"
"SORM.test_sorm","TestCase1","test_run[0001_Beeline_CALLDIR10.dmp]","N/A","N/A","N/A","N/A","N/A"
"SORM.test_sorm","TestCase1","test_run[0001_Beeline_CALLDIR11.dmp]","N/A","N/A","N/A","N/A","N/A"
"SORM.test_sorm","TestCase1","test_run[0001_Beeline_CALLDIR12.dmp]","N/A","N/A","N/A","N/A","N/A"
"SORM.test_sorm","TestCase1","test_run[0001_Beeline_CALLDIR13.dmp]","N/A","N/A","N/A","N/A","N/A"
"SORM.test_sorm","TestCase1","test_run[0001_Beeline_CALLDIR14.dmp]","N/A","N/A","N/A","N/A","N/A"
"SORM.test_sorm","TestCase1","test_run[0001_Beeline_CALLDIR15.dmp]","N/A","N/A","N/A","N/A","N/A"
"SORM.test_sorm","TestCase1","test_run[0001_Beeline_CALLDIR16.dmp]","N/A","N/A","N/A","N/A","N/A"
"SORM.test_sorm","TestCase1","test_run[0001_Beeline_CALLDIR17.dmp]","N/A","N/A","N/A","N/A","N/A"
"SORM.test_sorm","TestCase1","test_run[0001_Beeline_CALLDIR18.dmp]","N/A","N/A","N/A","N/A","N/A"
"SORM.test_sorm","TestCase1","test_run[0001_Beeline_CALLDIR19.dmp]","N/A","N/A","N/A","N/A","N/A"
"SORM.test_sorm","TestCase1","test_run[0001_Beeline_CALLDIR2.dmp]","N/A","N/A","N/A","N/A","N/A"
"SORM.test_sorm","TestCase1","test_run[0001_Beeline_CALLDIR20.dmp]","N/A","N/A","N/A","N/A","N/A"
"SORM.test_sorm","TestCase1","test_run[0001_Beeline_CALLDIR21.dmp]","N/A","N/A","N/A","N/A","N/A"
"SORM.test_sorm","TestCase1","test_run[0001_Beeline_CALLDIR3.dmp]","N/A","N/A","N/A","N/A","N/A"
"SORM.test_sorm","TestCase1","test_run[0001_Beeline_CALLDIR4.dmp]","N/A","N/A","N/A","N/A","N/A"
"SORM.test_sorm","TestCase1","test_run[0001_Beeline_CALLDIR5.dmp]","N/A","N/A","N/A","N/A","N/A"
"SORM.test_sorm","TestCase1","test_run[0001_Beeline_CALLDIR6.dmp]","N/A","N/A","N/A","N/A","N/A"
"SORM.test_sorm","TestCase1","test_run[0001_Beeline_CALLDIR7.dmp]","N/A","N/A","N/A","N/A","N/A"
"SORM.test_sorm","TestCase1","test_run[0001_Beeline_CALLDIR8.dmp]","N/A","N/A","N/A","N/A","N/A"
"SORM.test_sorm","TestCase1","test_run[0001_Beeline_CALLDIR9.dmp]","N/A","N/A","N/A","N/A","N/A"
"SORM.test_sorm","TestCase1","test_run[0002_Beeline_CALLDIR10.dmp]","N/A","N/A","N/A","N/A","N/A"
"SORM.test_sorm","TestCase1","test_run[0002_Beeline_CALLDIR2.dmp]","N/A","N/A","N/A","N/A","N/A"
"SORM.test_sorm","TestCase1","test_run[0003_Beeline_CALLDIR11.dmp]","N/A","N/A","N/A","N/A","N/A"
"SORM.test_sorm","TestCase1","test_run[0003_Beeline_CALLDIR3.dmp]","N/A","N/A","N/A","N/A","N/A"
"SORM.test_sorm","TestCase1","test_run[0004_Beeline_CALLDIR12.dmp]","N/A","N/A","N/A","N/A","N/A"
"SORM.test_sorm","TestCase1","test_run[0004_Beeline_CALLDIR4.dmp]","N/A","N/A","N/A","N/A","N/A"
"SORM.test_sorm","TestCase1","test_run[0005_Beeline_CALLDIR13.dmp]","N/A","N/A","N/A","N/A","N/A"
"SORM.test_sorm","TestCase1","test_run[0005_Beeline_CALLDIR5.dmp]","N/A","N/A","N/A","N/A","N/A"
"SORM.test_sorm","TestCase1","test_run[0006_Beeline_CALLDIR14.dmp]","N/A","N/A","N/A","N/A","N/A"
"SORM.test_sorm","TestCase1","test_run[0006_Beeline_CALLDIR6.dmp]","N/A","N/A","N/A","N/A","N/A"
"SORM.test_sorm","TestCase1","test_run[0007_Beeline_CALLDIR15.dmp]","N/A","N/A","N/A","N/A","N/A"
"SORM.test_sorm","TestCase1","test_run[0007_Beeline_CALLDIR7.dmp]","N/A","N/A","N/A","N/A","N/A"
"SORM.test_sorm","TestCase1","test_run[0008_Beeline_CALLDIR16.dmp]","N/A","N/A","N/A","N/A","N/A"
"SORM.test_sorm","TestCase1","test_run[0008_Beeline_CALLDIR8.dmp]","N/A","N/A","N/A","N/A","N/A"
"SORM.test_sorm","TestCase1","test_run[0009_Beeline_CALLDIR17.dmp]","N/A","N/A","N/A","N/A","N/A"
"SORM.test_sorm","TestCase1","test_run[0009_Beeline_CALLDIR9.dmp]","N/A","N/A","N/A","N/A","N/A"
"SORM.test_sorm","TestCase1","test_run[0010_Beeline_CALLDIR10.dmp]","N/A","N/A","N/A","N/A","N/A"
"SORM.test_sorm","TestCase1","test_run[0010_Beeline_CALLDIR18.dmp]","N/A","N/A","N/A","N/A","N/A"
"SORM.test_sorm","TestCase1","test_run[0011_Beeline_CALLDIR11.dmp]","N/A","N/A","N/A","N/A","N/A"
"SORM.test_sorm","TestCase1","test_run[0011_Beeline_CALLDIR19.dmp]","N/A","N/A","N/A","N/A","N/A"
"SORM.test_sorm","TestCase1","test_run[0012_Beeline_CALLDIR12.dmp]","N/A","N/A","N/A","N/A","N/A"
"SORM.test_sorm","TestCase1","test_run[0012_Beeline_CALLDIR2.dmp]","N/A","N/A","N/A","N/A","N/A"
"SORM.test_sorm","TestCase1","test_run[0013_Beeline_CALLDIR13.dmp]","N/A","N/A","N/A","N/A","N/A"
"SORM.test_sorm","TestCase1","test_run[0013_Beeline_CALLDIR20.dmp]","N/A","N/A","N/A","N/A","N/A"
"SORM.test_sorm","TestCase1","test_run[0014_Beeline_CALLDIR14.dmp]","N/A","N/A","N/A","N/A","N/A"
"SORM.test_sorm","TestCase1","test_run[0014_Beeline_CALLDIR21.dmp]","N/A","N/A","N/A","N/A","N/A"
"SORM.test_sorm","TestCase1","test_run[0015_Beeline_CALLDIR15.dmp]","N/A","N/A","N/A","N/A","N/A"
"SORM.test_sorm","TestCase1","test_run[0015_Beeline_CALLDIR3.dmp]","N/A","N/A","N/A","N/A","N/A"
"SORM.test_sorm","TestCase1","test_run[0016_Beeline_CALLDIR16.dmp]","N/A","N/A","N/A","N/A","N/A"
"SORM.test_sorm","TestCase1","test_run[0016_Beeline_CALLDIR4.dmp]","N/A","N/A","N/A","N/A","N/A"
"SORM.test_sorm","TestCase1","test_run[0017_Beeline_CALLDIR17.dmp]","N/A","N/A","N/A","N/A","N/A"
"SORM.test_sorm","TestCase1","test_run[0017_Beeline_CALLDIR5.dmp]","N/A","N/A","N/A","N/A","N/A"
"SORM.test_sorm","TestCase1","test_run[0018_Beeline_CALLDIR18.dmp]","N/A","N/A","N/A","N/A","N/A"
"SORM.test_sorm","TestCase1","test_run[0018_Beeline_CALLDIR6.dmp]","N/A","N/A","N/A","N/A","N/A"
"SORM.test_sorm","TestCase1","test_run[0019_Beeline_CALLDIR19.dmp]","N/A","N/A","N/A","N/A","N/A"
"SORM.test_sorm","TestCase1","test_run[0019_Beeline_CALLDIR7.dmp]","N/A","N/A","N/A","N/A","N/A"
"SORM.test_sorm","TestCase1","test_run[0020_Beeline_CALLDIR20.dmp]","N/A","N/A","N/A","N/A","N/A"
"SORM.test_sorm","TestCase1","test_run[0020_Beeline_CALLDIR8.dmp]","N/A","N/A","N/A","N/A","N/A"
"SORM.test_sorm","TestCase1","test_run[0021_Beeline_CALLDIR21.dmp]","N/A","N/A","N/A","N/A","N/A"
"SORM.test_sorm","TestCase1","test_run[0021_Beeline_CALLDIR9.dmp]","N/A","N/A","N/A","N/A","N/A"
"SORM.test_sorm","TestCase1","test_stop","N/A","N/A","N/A","N/A","N/A"
"SORM.test_sorm_ver2","TestCase1","test_run[0001_Beeline_CALLDIR1.dmp]","PASSED","PASSED","PASSED","PASSED","PASSED"
"SORM.test_sorm_ver2","TestCase1","test_run[0002_Beeline_CALLDIR10.dmp]","PASSED","PASSED","PASSED","PASSED","PASSED"
"SORM.test_sorm_ver2","TestCase1","test_run[0003_Beeline_CALLDIR11.dmp]","PASSED","PASSED","PASSED","PASSED","PASSED"
"SORM.test_sorm_ver2","TestCase1","test_run[0004_Beeline_CALLDIR12.dmp]","PASSED","PASSED","PASSED","PASSED","PASSED"
"SORM.test_sorm_ver2","TestCase1","test_run[0005_Beeline_CALLDIR13.dmp]","PASSED","PASSED","PASSED","PASSED","PASSED"
"SORM.test_sorm_ver2","TestCase1","test_run[0006_Beeline_CALLDIR14.dmp]","PASSED","PASSED","PASSED","PASSED","PASSED"
"SORM.test_sorm_ver2","TestCase1","test_run[0007_Beeline_CALLDIR15.dmp]","PASSED","PASSED","PASSED","PASSED","PASSED"
"SORM.test_sorm_ver2","TestCase1","test_run[0008_Beeline_CALLDIR16.dmp]","PASSED","PASSED","PASSED","PASSED","PASSED"
"SORM.test_sorm_ver2","TestCase1","test_run[0009_Beeline_CALLDIR17.dmp]","PASSED","PASSED","PASSED","PASSED","PASSED"
"SORM.test_sorm_ver2","TestCase1","test_run[0010_Beeline_CALLDIR18.dmp]","SKIPPED","SKIPPED","SKIPPED","SKIPPED","SKIPPED"
"SORM.test_sorm_ver2","TestCase1","test_run[0011_Beeline_CALLDIR19.dmp]","SKIPPED","SKIPPED","SKIPPED","SKIPPED","SKIPPED"
"SORM.test_sorm_ver2","TestCase1","test_run[0012_Beeline_CALLDIR2.dmp]","PASSED","PASSED","PASSED","PASSED","PASSED"
"SORM.test_sorm_ver2","TestCase1","test_run[0013_Beeline_CALLDIR20.dmp]","PASSED","PASSED","PASSED","PASSED","PASSED"
"SORM.test_sorm_ver2","TestCase1","test_run[0014_Beeline_CALLDIR21.dmp]","SKIPPED","SKIPPED","SKIPPED","SKIPPED","SKIPPED"
"SORM.test_sorm_ver2","TestCase1","test_run[0015_Beeline_CALLDIR3.dmp]","PASSED","PASSED","PASSED","PASSED","PASSED"
"SORM.test_sorm_ver2","TestCase1","test_run[0016_Beeline_CALLDIR4.dmp]","PASSED","PASSED","PASSED","PASSED","PASSED"
"SORM.test_sorm_ver2","TestCase1","test_run[0017_Beeline_CALLDIR5.dmp]","PASSED","PASSED","PASSED","PASSED","PASSED"
"SORM.test_sorm_ver2","TestCase1","test_run[0018_Beeline_CALLDIR6.dmp]","PASSED","PASSED","PASSED","PASSED","PASSED"
"SORM.test_sorm_ver2","TestCase1","test_run[0019_Beeline_CALLDIR7.dmp]","PASSED","PASSED","PASSED","PASSED","PASSED"
"SORM.test_sorm_ver2","TestCase1","test_run[0020_Beeline_CALLDIR8.dmp]","PASSED","PASSED","PASSED","PASSED","PASSED"
"SORM.test_sorm_ver2","TestCase1","test_run[0021_Beeline_CALLDIR9.dmp]","PASSED","PASSED","PASSED","PASSED","PASSED"
"test_sorm","TestCase1","test_run[0000_start_sorm.dmp]","N/A","N/A","N/A","N/A","N/A"
"test_sorm","TestCase1","test_run[0001_Beeline_CALLDIR1.dmp]","N/A","N/A","N/A","N/A","N/A"
"test_sorm","TestCase1","test_run[0002_Beeline_CALLDIR2.dmp]","N/A","N/A","N/A","N/A","N/A"
"test_sorm","TestCase1","test_run[0003_Beeline_CALLDIR3.dmp]","N/A","N/A","N/A","N/A","N/A"
"test_sorm","TestCase1","test_run[0004_Beeline_CALLDIR4.dmp]","N/A","N/A","N/A","N/A","N/A"
"test_sorm","TestCase1","test_run[0005_Beeline_CALLDIR5.dmp]","N/A","N/A","N/A","N/A","N/A"
"test_sorm","TestCase1","test_run[0006_Beeline_CALLDIR6.dmp]","N/A","N/A","N/A","N/A","N/A"
"test_sorm","TestCase1","test_run[0007_Beeline_CALLDIR7.dmp]","N/A","N/A","N/A","N/A","N/A"
"test_sorm","TestCase1","test_run[0008_Beeline_CALLDIR8.dmp]","N/A","N/A","N/A","N/A","N/A"
"test_sorm","TestCase1","test_run[0009_Beeline_CALLDIR9.dmp]","N/A","N/A","N/A","N/A","N/A"
"test_sorm","TestCase1","test_run[0010_Beeline_CALLDIR10.dmp]","N/A","N/A","N/A","N/A","N/A"
"test_sorm","TestCase1","test_run[0011_Beeline_CALLDIR11.dmp]","N/A","N/A","N/A","N/A","N/A"
"test_sorm","TestCase1","test_run[0012_Beeline_CALLDIR12.dmp]","N/A","N/A","N/A","N/A","N/A"
"test_sorm","TestCase1","test_run[0013_Beeline_CALLDIR13.dmp]","N/A","N/A","N/A","N/A","N/A"
"test_sorm","TestCase1","test_run[0014_Beeline_CALLDIR14.dmp]","N/A","N/A","N/A","N/A","N/A"
"test_sorm","TestCase1","test_run[0015_Beeline_CALLDIR15.dmp]","N/A","N/A","N/A","N/A","N/A"
"test_sorm","TestCase1","test_run[0016_Beeline_CALLDIR16.dmp]","N/A","N/A","N/A","N/A","N/A"
"test_sorm","TestCase1","test_run[0017_Beeline_CALLDIR17.dmp]","N/A","N/A","N/A","N/A","N/A"
"test_sorm","TestCase1","test_run[0018_Beeline_CALLDIR18.dmp]","N/A","N/A","N/A","N/A","N/A"
"test_sorm","TestCase1","test_run[0019_Beeline_CALLDIR19.dmp]","N/A","N/A","N/A","N/A","N/A"
"test_sorm","TestCase1","test_run[0020_Beeline_CALLDIR20.dmp]","N/A","N/A","N/A","N/A","N/A"
"test_sorm","TestCase1","test_run[0021_Beeline_CALLDIR21.dmp]","N/A","N/A","N/A","N/A","N/A"
"test_sorm","TestCase1","test_stop","N/A","N/A","N/A","N/A","N/A"
