"Package","Class","Test","568","567","566","565","564"
"(root)","","SORM.test_sorm","N/A","N/A","N/A","N/A","N/A"
"(root)","","SORM.test_sorm_ver2","N/A","N/A","N/A","N/A","N/A"
"SORM.test_sorm","TestCase1","test_run[0000_start_sorm.dmp]","N/A","N/A","N/A","N/A","N/A"
"SORM.test_sorm","TestCase1","test_run[0001_MTS_VOLTE_3PTY_1.dmp]","N/A","N/A","N/A","N/A","N/A"
"SORM.test_sorm","TestCase1","test_run[0001_MTS_VOLTE_3PTY_10.dmp]","N/A","N/A","N/A","N/A","N/A"
"SORM.test_sorm","TestCase1","test_run[0001_MTS_VOLTE_3PTY_11.dmp]","N/A","N/A","N/A","N/A","N/A"
"SORM.test_sorm","TestCase1","test_run[0001_MTS_VOLTE_3PTY_12.dmp]","N/A","N/A","N/A","N/A","N/A"
"SORM.test_sorm","TestCase1","test_run[0001_MTS_VOLTE_3PTY_13.dmp]","N/A","N/A","N/A","N/A","N/A"
"SORM.test_sorm","TestCase1","test_run[0001_MTS_VOLTE_3PTY_14.dmp]","N/A","N/A","N/A","N/A","N/A"
"SORM.test_sorm","TestCase1","test_run[0001_MTS_VOLTE_3PTY_15.dmp]","N/A","N/A","N/A","N/A","N/A"
"SORM.test_sorm","TestCase1","test_run[0001_MTS_VOLTE_3PTY_16.dmp]","N/A","N/A","N/A","N/A","N/A"
"SORM.test_sorm","TestCase1","test_run[0001_MTS_VOLTE_3PTY_17.dmp]","N/A","N/A","N/A","N/A","N/A"
"SORM.test_sorm","TestCase1","test_run[0001_MTS_VOLTE_3PTY_18.dmp]","N/A","N/A","N/A","N/A","N/A"
"SORM.test_sorm","TestCase1","test_run[0001_MTS_VOLTE_3PTY_19.dmp]","N/A","N/A","N/A","N/A","N/A"
"SORM.test_sorm","TestCase1","test_run[0001_MTS_VOLTE_3PTY_2.dmp]","N/A","N/A","N/A","N/A","N/A"
"SORM.test_sorm","TestCase1","test_run[0001_MTS_VOLTE_3PTY_20.dmp]","N/A","N/A","N/A","N/A","N/A"
"SORM.test_sorm","TestCase1","test_run[0001_MTS_VOLTE_3PTY_21.dmp]","N/A","N/A","N/A","N/A","N/A"
"SORM.test_sorm","TestCase1","test_run[0001_MTS_VOLTE_3PTY_22.dmp]","N/A","N/A","N/A","N/A","N/A"
"SORM.test_sorm","TestCase1","test_run[0001_MTS_VOLTE_3PTY_23.dmp]","N/A","N/A","N/A","N/A","N/A"
"SORM.test_sorm","TestCase1","test_run[0001_MTS_VOLTE_3PTY_24.dmp]","N/A","N/A","N/A","N/A","N/A"
"SORM.test_sorm","TestCase1","test_run[0001_MTS_VOLTE_3PTY_25.dmp]","N/A","N/A","N/A","N/A","N/A"
"SORM.test_sorm","TestCase1","test_run[0001_MTS_VOLTE_3PTY_26.dmp]","N/A","N/A","N/A","N/A","N/A"
"SORM.test_sorm","TestCase1","test_run[0001_MTS_VOLTE_3PTY_27.dmp]","N/A","N/A","N/A","N/A","N/A"
"SORM.test_sorm","TestCase1","test_run[0001_MTS_VOLTE_3PTY_28.dmp]","N/A","N/A","N/A","N/A","N/A"
"SORM.test_sorm","TestCase1","test_run[0001_MTS_VOLTE_3PTY_29.dmp]","N/A","N/A","N/A","N/A","N/A"
"SORM.test_sorm","TestCase1","test_run[0001_MTS_VOLTE_3PTY_3.dmp]","N/A","N/A","N/A","N/A","N/A"
"SORM.test_sorm","TestCase1","test_run[0001_MTS_VOLTE_3PTY_30.dmp]","N/A","N/A","N/A","N/A","N/A"
"SORM.test_sorm","TestCase1","test_run[0001_MTS_VOLTE_3PTY_31.dmp]","N/A","N/A","N/A","N/A","N/A"
"SORM.test_sorm","TestCase1","test_run[0001_MTS_VOLTE_3PTY_32.dmp]","N/A","N/A","N/A","N/A","N/A"
"SORM.test_sorm","TestCase1","test_run[0001_MTS_VOLTE_3PTY_33.dmp]","N/A","N/A","N/A","N/A","N/A"
"SORM.test_sorm","TestCase1","test_run[0001_MTS_VOLTE_3PTY_4.dmp]","N/A","N/A","N/A","N/A","N/A"
"SORM.test_sorm","TestCase1","test_run[0001_MTS_VOLTE_3PTY_5.dmp]","N/A","N/A","N/A","N/A","N/A"
"SORM.test_sorm","TestCase1","test_run[0001_MTS_VOLTE_3PTY_6.dmp]","N/A","N/A","N/A","N/A","N/A"
"SORM.test_sorm","TestCase1","test_run[0001_MTS_VOLTE_3PTY_7.dmp]","N/A","N/A","N/A","N/A","N/A"
"SORM.test_sorm","TestCase1","test_run[0001_MTS_VOLTE_3PTY_8.dmp]","N/A","N/A","N/A","N/A","N/A"
"SORM.test_sorm","TestCase1","test_run[0001_MTS_VOLTE_3PTY_9.dmp]","N/A","N/A","N/A","N/A","N/A"
"SORM.test_sorm","TestCase1","test_run[0002_MTS_VOLTE_3PTY_10.dmp]","N/A","N/A","N/A","N/A","N/A"
"SORM.test_sorm","TestCase1","test_run[0003_MTS_VOLTE_3PTY_11.dmp]","N/A","N/A","N/A","N/A","N/A"
"SORM.test_sorm","TestCase1","test_run[0004_MTS_VOLTE_3PTY_30.dmp]","N/A","N/A","N/A","N/A","N/A"
"SORM.test_sorm","TestCase1","test_run[0005_MTS_VOLTE_3PTY_12.dmp]","N/A","N/A","N/A","N/A","N/A"
"SORM.test_sorm","TestCase1","test_run[0006_MTS_VOLTE_3PTY_31.dmp]","N/A","N/A","N/A","N/A","N/A"
"SORM.test_sorm","TestCase1","test_run[0007_MTS_VOLTE_3PTY_13.dmp]","N/A","N/A","N/A","N/A","N/A"
"SORM.test_sorm","TestCase1","test_run[0008_MTS_VOLTE_3PTY_14.dmp]","N/A","N/A","N/A","N/A","N/A"
"SORM.test_sorm","TestCase1","test_run[0009_MTS_VOLTE_3PTY_15.dmp]","N/A","N/A","N/A","N/A","N/A"
"SORM.test_sorm","TestCase1","test_run[0010_MTS_VOLTE_3PTY_32.dmp]","N/A","N/A","N/A","N/A","N/A"
"SORM.test_sorm","TestCase1","test_run[0011_MTS_VOLTE_3PTY_16.dmp]","N/A","N/A","N/A","N/A","N/A"
"SORM.test_sorm","TestCase1","test_run[0012_MTS_VOLTE_3PTY_17.dmp]","N/A","N/A","N/A","N/A","N/A"
"SORM.test_sorm","TestCase1","test_run[0013_MTS_VOLTE_3PTY_33.dmp]","N/A","N/A","N/A","N/A","N/A"
"SORM.test_sorm","TestCase1","test_run[0014_MTS_VOLTE_3PTY_18.dmp]","N/A","N/A","N/A","N/A","N/A"
"SORM.test_sorm","TestCase1","test_run[0015_MTS_VOLTE_3PTY_7.dmp]","N/A","N/A","N/A","N/A","N/A"
"SORM.test_sorm","TestCase1","test_run[0016_MTS_VOLTE_3PTY_19.dmp]","N/A","N/A","N/A","N/A","N/A"
"SORM.test_sorm","TestCase1","test_run[0017_MTS_VOLTE_3PTY_2.dmp]","N/A","N/A","N/A","N/A","N/A"
"SORM.test_sorm","TestCase1","test_run[0018_MTS_VOLTE_3PTY_20.dmp]","N/A","N/A","N/A","N/A","N/A"
"SORM.test_sorm","TestCase1","test_run[0019_MTS_VOLTE_3PTY_8.dmp]","N/A","N/A","N/A","N/A","N/A"
"SORM.test_sorm","TestCase1","test_run[0020_MTS_VOLTE_3PTY_21.dmp]","N/A","N/A","N/A","N/A","N/A"
"SORM.test_sorm","TestCase1","test_run[0021_MTS_VOLTE_3PTY_22.dmp]","N/A","N/A","N/A","N/A","N/A"
"SORM.test_sorm","TestCase1","test_run[0022_MTS_VOLTE_3PTY_9.dmp]","N/A","N/A","N/A","N/A","N/A"
"SORM.test_sorm","TestCase1","test_run[0023_MTS_VOLTE_3PTY_23.dmp]","N/A","N/A","N/A","N/A","N/A"
"SORM.test_sorm","TestCase1","test_run[0024_MTS_VOLTE_3PTY_24.dmp]","N/A","N/A","N/A","N/A","N/A"
"SORM.test_sorm","TestCase1","test_run[0025_MTS_VOLTE_3PTY_25.dmp]","N/A","N/A","N/A","N/A","N/A"
"SORM.test_sorm","TestCase1","test_run[0026_MTS_VOLTE_3PTY_26.dmp]","N/A","N/A","N/A","N/A","N/A"
"SORM.test_sorm","TestCase1","test_run[0027_MTS_VOLTE_3PTY_27.dmp]","N/A","N/A","N/A","N/A","N/A"
"SORM.test_sorm","TestCase1","test_run[0028_MTS_VOLTE_3PTY_28.dmp]","N/A","N/A","N/A","N/A","N/A"
"SORM.test_sorm","TestCase1","test_run[0029_MTS_VOLTE_3PTY_29.dmp]","N/A","N/A","N/A","N/A","N/A"
"SORM.test_sorm","TestCase1","test_run[0030_MTS_VOLTE_3PTY_3.dmp]","N/A","N/A","N/A","N/A","N/A"
"SORM.test_sorm","TestCase1","test_run[0031_MTS_VOLTE_3PTY_4.dmp]","N/A","N/A","N/A","N/A","N/A"
"SORM.test_sorm","TestCase1","test_run[0032_MTS_VOLTE_3PTY_5.dmp]","N/A","N/A","N/A","N/A","N/A"
"SORM.test_sorm","TestCase1","test_run[0033_MTS_VOLTE_3PTY_6.dmp]","N/A","N/A","N/A","N/A","N/A"
"SORM.test_sorm","TestCase1","test_stop","N/A","N/A","N/A","N/A","N/A"
"SORM.test_sorm_ver2","TestCase1","test_run[0001_MTS_VOLTE_3PTY_1.dmp]","PASSED","PASSED","PASSED","PASSED","PASSED"
"SORM.test_sorm_ver2","TestCase1","test_run[0002_MTS_VOLTE_3PTY_10.dmp]","FAILED","PASSED","PASSED","FAILED","PASSED"
"SORM.test_sorm_ver2","TestCase1","test_run[0003_MTS_VOLTE_3PTY_11.dmp]","FAILED","PASSED","PASSED","PASSED","PASSED"
"SORM.test_sorm_ver2","TestCase1","test_run[0004_MTS_VOLTE_3PTY_30.dmp]","PASSED","PASSED","PASSED","PASSED","PASSED"
"SORM.test_sorm_ver2","TestCase1","test_run[0005_MTS_VOLTE_3PTY_12.dmp]","PASSED","FAILED","FAILED","PASSED","PASSED"
"SORM.test_sorm_ver2","TestCase1","test_run[0006_MTS_VOLTE_3PTY_31.dmp]","FAILED","FAILED","FAILED","FAILED","FAILED"
"SORM.test_sorm_ver2","TestCase1","test_run[0007_MTS_VOLTE_3PTY_13.dmp]","PASSED","PASSED","FAILED","PASSED","FAILED"
"SORM.test_sorm_ver2","TestCase1","test_run[0008_MTS_VOLTE_3PTY_14.dmp]","PASSED","PASSED","PASSED","PASSED","PASSED"
"SORM.test_sorm_ver2","TestCase1","test_run[0009_MTS_VOLTE_3PTY_15.dmp]","PASSED","PASSED","PASSED","PASSED","PASSED"
"SORM.test_sorm_ver2","TestCase1","test_run[0010_MTS_VOLTE_3PTY_32.dmp]","SKIPPED","SKIPPED","SKIPPED","SKIPPED","SKIPPED"
"SORM.test_sorm_ver2","TestCase1","test_run[0011_MTS_VOLTE_3PTY_16.dmp]","PASSED","PASSED","PASSED","PASSED","PASSED"
"SORM.test_sorm_ver2","TestCase1","test_run[0012_MTS_VOLTE_3PTY_17.dmp]","PASSED","PASSED","PASSED","PASSED","PASSED"
"SORM.test_sorm_ver2","TestCase1","test_run[0013_MTS_VOLTE_3PTY_33.dmp]","SKIPPED","SKIPPED","SKIPPED","SKIPPED","SKIPPED"
"SORM.test_sorm_ver2","TestCase1","test_run[0014_MTS_VOLTE_3PTY_18.dmp]","PASSED","PASSED","PASSED","FAILED","PASSED"
"SORM.test_sorm_ver2","TestCase1","test_run[0015_MTS_VOLTE_3PTY_7.dmp]","FAILED","FAILED","PASSED","PASSED","PASSED"
"SORM.test_sorm_ver2","TestCase1","test_run[0016_MTS_VOLTE_3PTY_19.dmp]","PASSED","PASSED","PASSED","PASSED","PASSED"
"SORM.test_sorm_ver2","TestCase1","test_run[0017_MTS_VOLTE_3PTY_2.dmp]","FAILED","PASSED","PASSED","PASSED","FAILED"
"SORM.test_sorm_ver2","TestCase1","test_run[0018_MTS_VOLTE_3PTY_20.dmp]","PASSED","PASSED","PASSED","PASSED","PASSED"
"SORM.test_sorm_ver2","TestCase1","test_run[0019_MTS_VOLTE_3PTY_8.dmp]","PASSED","PASSED","PASSED","PASSED","FAILED"
"SORM.test_sorm_ver2","TestCase1","test_run[0020_MTS_VOLTE_3PTY_21.dmp]","PASSED","PASSED","PASSED","PASSED","PASSED"
"SORM.test_sorm_ver2","TestCase1","test_run[0021_MTS_VOLTE_3PTY_22.dmp]","PASSED","PASSED","PASSED","PASSED","PASSED"
"SORM.test_sorm_ver2","TestCase1","test_run[0022_MTS_VOLTE_3PTY_9.dmp]","PASSED","PASSED","FAILED","PASSED","PASSED"
"SORM.test_sorm_ver2","TestCase1","test_run[0023_MTS_VOLTE_3PTY_23.dmp]","FAILED","FAILED","FAILED","FAILED","FAILED"
"SORM.test_sorm_ver2","TestCase1","test_run[0024_MTS_VOLTE_3PTY_24.dmp]","PASSED","PASSED","PASSED","PASSED","PASSED"
"SORM.test_sorm_ver2","TestCase1","test_run[0025_MTS_VOLTE_3PTY_25.dmp]","PASSED","PASSED","PASSED","PASSED","PASSED"
"SORM.test_sorm_ver2","TestCase1","test_run[0026_MTS_VOLTE_3PTY_26.dmp]","PASSED","PASSED","PASSED","PASSED","PASSED"
"SORM.test_sorm_ver2","TestCase1","test_run[0027_MTS_VOLTE_3PTY_27.dmp]","PASSED","PASSED","PASSED","PASSED","PASSED"
"SORM.test_sorm_ver2","TestCase1","test_run[0028_MTS_VOLTE_3PTY_28.dmp]","FAILED","FAILED","FAILED","FAILED","FAILED"
"SORM.test_sorm_ver2","TestCase1","test_run[0029_MTS_VOLTE_3PTY_29.dmp]","PASSED","PASSED","PASSED","PASSED","PASSED"
"SORM.test_sorm_ver2","TestCase1","test_run[0030_MTS_VOLTE_3PTY_3.dmp]","FAILED","PASSED","PASSED","PASSED","PASSED"
"SORM.test_sorm_ver2","TestCase1","test_run[0031_MTS_VOLTE_3PTY_4.dmp]","PASSED","PASSED","PASSED","PASSED","PASSED"
"SORM.test_sorm_ver2","TestCase1","test_run[0032_MTS_VOLTE_3PTY_5.dmp]","PASSED","PASSED","PASSED","PASSED","PASSED"
"SORM.test_sorm_ver2","TestCase1","test_run[0033_MTS_VOLTE_3PTY_6.dmp]","PASSED","FAILED","PASSED","PASSED","FAILED"
