"Package","Class","Test","162","161","160","159","158"
"(root)","","test_sorm","N/A","N/A","N/A","N/A","N/A"
"SORM.test_sorm","TestCase1","test_run[0000_start_sorm.dmp]","N/A","N/A","N/A","N/A","N/A"
"SORM.test_sorm","TestCase1","test_run[0001_CLIR_45.dmp]","N/A","N/A","N/A","N/A","N/A"
"SORM.test_sorm","TestCase1","test_run[0002_CLIR_46.dmp]","N/A","N/A","N/A","N/A","N/A"
"SORM.test_sorm","TestCase1","test_run[0003_CLIR_47.dmp]","N/A","N/A","N/A","N/A","N/A"
"SORM.test_sorm","TestCase1","test_run[0004_CLIR_48.dmp]","N/A","N/A","N/A","N/A","N/A"
"SORM.test_sorm","TestCase1","test_run[0005_CLIR_49.dmp]","N/A","N/A","N/A","N/A","N/A"
"SORM.test_sorm","TestCase1","test_stop","N/A","N/A","N/A","N/A","N/A"
"SORM.test_sorm_ver2","TestCase1","test_run[0001_CLIR_45.dmp]","PASSED","PASSED","PASSED","PASSED","FAILED"
"SORM.test_sorm_ver2","TestCase1","test_run[0002_CLIR_46.dmp]","FAILED","FAILED","FAILED","FAILED","FAILED"
"SORM.test_sorm_ver2","TestCase1","test_run[0003_CLIR_47.dmp]","PASSED","PASSED","PASSED","PASSED","FAILED"
"SORM.test_sorm_ver2","TestCase1","test_run[0004_CLIR_48.dmp]","FAILED","FAILED","FAILED","FAILED","FAILED"
"SORM.test_sorm_ver2","TestCase1","test_run[0005_CLIR_49.dmp]","PASSED","PASSED","PASSED","PASSED","FAILED"
"test_sorm","TestCase1","test_run[0000_start_sorm.dmp]","N/A","N/A","N/A","N/A","N/A"
"test_sorm","TestCase1","test_run[0033_CLIR_45.dmp]","N/A","N/A","N/A","N/A","N/A"
"test_sorm","TestCase1","test_run[0034_CLIR_46.dmp]","N/A","N/A","N/A","N/A","N/A"
"test_sorm","TestCase1","test_run[0035_CLIR_47.dmp]","N/A","N/A","N/A","N/A","N/A"
"test_sorm","TestCase1","test_run[0036_CLIR_48.dmp]","N/A","N/A","N/A","N/A","N/A"
"test_sorm","TestCase1","test_run[0037_CLIR_49.dmp]","N/A","N/A","N/A","N/A","N/A"
"test_sorm","TestCase1","test_run[0038_CLIR_45.dmp]","N/A","N/A","N/A","N/A","N/A"
"test_sorm","TestCase1","test_run[0039_CLIR_46.dmp]","N/A","N/A","N/A","N/A","N/A"
"test_sorm","TestCase1","test_run[0040_CLIR_47.dmp]","N/A","N/A","N/A","N/A","N/A"
"test_sorm","TestCase1","test_run[0041_CLIR_48.dmp]","N/A","N/A","N/A","N/A","N/A"
"test_sorm","TestCase1","test_run[0042_CLIR_49.dmp]","N/A","N/A","N/A","N/A","N/A"
"test_sorm","TestCase1","test_stop","N/A","N/A","N/A","N/A","N/A"
