"Package","Class","Test","496","495","494","493","492"
"(root)","","SORM.test_sorm","N/A","N/A","N/A","N/A","N/A"
"(root)","","test_sorm","N/A","N/A","N/A","N/A","N/A"
"SORM.test_sorm","TestCase1","test_run[0000_start_sorm.dmp]","N/A","N/A","N/A","N/A","PASSED"
"SORM.test_sorm","TestCase1","test_run[0001_cfnrc_1.dmp]","N/A","N/A","N/A","N/A","PASSED"
"SORM.test_sorm","TestCase1","test_run[0001_cfnrc_4.dmp]","N/A","N/A","N/A","N/A","N/A"
"SORM.test_sorm","TestCase1","test_run[0001_cfnrc_5.dmp]","N/A","N/A","N/A","N/A","N/A"
"SORM.test_sorm","TestCase1","test_run[0001_cfnrc_6.dmp]","N/A","N/A","N/A","N/A","N/A"
"SORM.test_sorm","TestCase1","test_run[0002_cfnrc_4.dmp]","N/A","N/A","N/A","N/A","PASSED"
"SORM.test_sorm","TestCase1","test_run[0003_cfnrc_5.dmp]","N/A","N/A","N/A","N/A","PASSED"
"SORM.test_sorm","TestCase1","test_run[0004_cfnrc_6.dmp]","N/A","N/A","N/A","N/A","PASSED"
"SORM.test_sorm","TestCase1","test_run[0065_cfnrc_1.dmp]","N/A","N/A","N/A","N/A","N/A"
"SORM.test_sorm","TestCase1","test_run[0066_cfnrc_4.dmp]","N/A","N/A","N/A","N/A","N/A"
"SORM.test_sorm","TestCase1","test_run[0067_cfnrc_5.dmp]","N/A","N/A","N/A","N/A","N/A"
"SORM.test_sorm","TestCase1","test_run[0068_cfnrc_6.dmp]","N/A","N/A","N/A","N/A","N/A"
"SORM.test_sorm","TestCase1","test_stop","N/A","N/A","N/A","N/A","PASSED"
"SORM.test_sorm_ver2","TestCase1","test_run[0001_cfnrc_1.dmp]","PASSED","PASSED","PASSED","N/A","N/A"
"SORM.test_sorm_ver2","TestCase1","test_run[0002_cfnrc_4.dmp]","PASSED","PASSED","PASSED","N/A","N/A"
"SORM.test_sorm_ver2","TestCase1","test_run[0003_cfnrc_5.dmp]","PASSED","PASSED","PASSED","N/A","N/A"
"SORM.test_sorm_ver2","TestCase1","test_run[0004_cfnrc_6.dmp]","PASSED","PASSED","PASSED","N/A","N/A"
"test_sorm","TestCase1","test_run[0000_start_sorm.dmp]","N/A","N/A","N/A","N/A","N/A"
"test_sorm","TestCase1","test_run[0065_cfnrc_1.dmp]","N/A","N/A","N/A","N/A","N/A"
"test_sorm","TestCase1","test_run[0066_cfnrc_4.dmp]","N/A","N/A","N/A","N/A","N/A"
"test_sorm","TestCase1","test_run[0067_cfnrc_5.dmp]","N/A","N/A","N/A","N/A","N/A"
"test_sorm","TestCase1","test_run[0068_cfnrc_6.dmp]","N/A","N/A","N/A","N/A","N/A"
"test_sorm","TestCase1","test_stop","N/A","N/A","N/A","N/A","N/A"
