"Package","Class","Test","484","482","481","480","479"
"(root)","","SORM.test_sorm","N/A","N/A","N/A","N/A","N/A"
"SORM.test_sorm","TestCase1","test_run[0000_start_sorm.dmp]","N/A","N/A","N/A","N/A","N/A"
"SORM.test_sorm","TestCase1","test_run[0009_CFU9.dmp]","N/A","N/A","N/A","N/A","N/A"
"SORM.test_sorm","TestCase1","test_run[0010_CFU10.dmp]","N/A","N/A","N/A","N/A","N/A"
"SORM.test_sorm","TestCase1","test_stop","N/A","N/A","N/A","N/A","N/A"
"SORM.test_sorm_ver2","TestCase1","test_run[0001_CFU10.dmp]","FAILED","N/A","N/A","N/A","N/A"
"SORM.test_sorm_ver2","TestCase1","test_run[0002_CFU9.dmp]","FAILED","N/A","N/A","N/A","N/A"
"test_sorm","TestCase1","test_run[0000_start_sorm.dmp]","N/A","N/A","PASSED","PASSED","PASSED"
"test_sorm","TestCase1","test_run[0009_CFU9.dmp]","N/A","N/A","FAILED","FAILED","FAILED"
"test_sorm","TestCase1","test_run[0010_CFU10.dmp]","N/A","N/A","FAILED","FAILED","FAILED"
"test_sorm","TestCase1","test_stop","N/A","N/A","PASSED","PASSED","PASSED"
