Test,484,482,481,480,479,478,477
,,PASSEDPASSEDPASSEDPASSEDPASSEDPASSED,PASSEDPASSEDPASSEDPASSEDPASSED,PASSEDPASSEDPASSEDPASSEDPASSEDPASSEDPASSED,PASSEDPASSEDPASSEDPASSEDPASSEDPASSEDPASSED,PASSEDPASSEDPASSEDPASSED,PASSED
3PTY33,,FAILED,FAILED,FAILED,FAILED,FAILED,
3PTY34,,FAILED,FAILED,FAILED,FAILED,FAILED,
3PTY35,,FAILED,FAILED,FAILED,FAILED,FAILED,
3PTY36,,FAILED,FAILED,FAILED,FAILED,FAILED,
3PTY37,,FAILED,FAILED,FAILED,FAILED,FAILED,
CALLDIR1,FAILED,FAILED,FAILED,FAILED,FAILED,,
CALLDIR2,FAILED,FAILED,FAILED,FAILED,FAILED,,
CALLDIR29,FAILED,FAILED,FAILED,FAILED,FAILED,,
CALLDIR3,FAILED,FAILED,FAILED,FAILED,FAILED,,
CALLDIR30,FAILED,FAILED,FAILED,FAILED,FAILED,,
CALLDIR31,FAILED,FAILED,FAILED,FAILED,FAILED,,
CALLDIR32,SKIPPED,FAILED,FAILED,FAILED,FAILED,,
CALLDIR4,FAILED,FAILED,FAILED,FAILED,FAILED,,
CFB11,FAILED,,,,,,
CFB12,FAILED,,,,,,
CFNRC13,FAILED,,,,,,
CFNRC14,FAILED,,,,,,
CFNRY15,FAILED,,,,,,
CFNRY16,FAILED,,,,,,
CFU10,FAILED,,FAILED,FAILED,FAILED,,
CFU9,FAILED,,FAILED,FAILED,FAILED,,
CH17,FAILED,,,,,,
CH18,FAILED,,,,,,
CH19,FAILED,,,,,,
CH20,FAILED,,,,,,
CW21,,FAILED,,FAILED,FAILED,FAILED,FAILED
CW22,,FAILED,,FAILED,FAILED,FAILED,FAILED
CW23,,FAILED,,FAILED,FAILED,FAILED,FAILED
CW24,,FAILED,,FAILED,FAILED,FAILED,FAILED
