"Package","Class","Test","622","621","620","619","618"
"(root)","","SORM.test_sorm","N/A","N/A","N/A","N/A","N/A"
"(root)","","SORM.test_sorm_ver2","N/A","N/A","N/A","N/A","N/A"
"SORM.test_sorm","TestCase1","test_run[0000_start_sorm.dmp]","N/A","N/A","N/A","N/A","N/A"
"SORM.test_sorm","TestCase1","test_run[0001_CF190.dmp]","N/A","N/A","N/A","N/A","N/A"
"SORM.test_sorm","TestCase1","test_run[0002_CF221.dmp]","N/A","N/A","N/A","N/A","N/A"
"SORM.test_sorm","TestCase1","test_run[0003_CF222.dmp]","N/A","N/A","N/A","N/A","N/A"
"SORM.test_sorm","TestCase1","test_run[0004_CF191.dmp]","N/A","N/A","N/A","N/A","N/A"
"SORM.test_sorm","TestCase1","test_run[0005_CF192.dmp]","N/A","N/A","N/A","N/A","N/A"
"SORM.test_sorm","TestCase1","test_run[0006_CF223.dmp]","N/A","N/A","N/A","N/A","N/A"
"SORM.test_sorm","TestCase1","test_run[0007_CF193.dmp]","N/A","N/A","N/A","N/A","N/A"
"SORM.test_sorm","TestCase1","test_run[0008_CF246.dmp]","N/A","N/A","N/A","N/A","N/A"
"SORM.test_sorm","TestCase1","test_run[0009_CF194.dmp]","N/A","N/A","N/A","N/A","N/A"
"SORM.test_sorm","TestCase1","test_run[0010_CF247.dmp]","N/A","N/A","N/A","N/A","N/A"
"SORM.test_sorm","TestCase1","test_run[0011_CF195.dmp]","N/A","N/A","N/A","N/A","N/A"
"SORM.test_sorm","TestCase1","test_run[0012_CF248.dmp]","N/A","N/A","N/A","N/A","N/A"
"SORM.test_sorm","TestCase1","test_run[0013_CF196.dmp]","N/A","N/A","N/A","N/A","N/A"
"SORM.test_sorm","TestCase1","test_run[0014_CF249.dmp]","N/A","N/A","N/A","N/A","N/A"
"SORM.test_sorm","TestCase1","test_run[0015_CF197.dmp]","N/A","N/A","N/A","N/A","N/A"
"SORM.test_sorm","TestCase1","test_run[0016_CF250.dmp]","N/A","N/A","N/A","N/A","N/A"
"SORM.test_sorm","TestCase1","test_run[0017_CF198.dmp]","N/A","N/A","N/A","N/A","N/A"
"SORM.test_sorm","TestCase1","test_run[0018_CF251.dmp]","N/A","N/A","N/A","N/A","N/A"
"SORM.test_sorm","TestCase1","test_run[0019_CF199.dmp]","N/A","N/A","N/A","N/A","N/A"
"SORM.test_sorm","TestCase1","test_run[0020_CF200.dmp]","N/A","N/A","N/A","N/A","N/A"
"SORM.test_sorm","TestCase1","test_run[0021_CF201.dmp]","N/A","N/A","N/A","N/A","N/A"
"SORM.test_sorm","TestCase1","test_run[0022_CF202.dmp]","N/A","N/A","N/A","N/A","N/A"
"SORM.test_sorm","TestCase1","test_run[0023_CF203.dmp]","N/A","N/A","N/A","N/A","N/A"
"SORM.test_sorm","TestCase1","test_run[0024_CF204.dmp]","N/A","N/A","N/A","N/A","N/A"
"SORM.test_sorm","TestCase1","test_run[0025_CF205.dmp]","N/A","N/A","N/A","N/A","N/A"
"SORM.test_sorm","TestCase1","test_run[0026_CF206.dmp]","N/A","N/A","N/A","N/A","N/A"
"SORM.test_sorm","TestCase1","test_run[0027_CF207.dmp]","N/A","N/A","N/A","N/A","N/A"
"SORM.test_sorm","TestCase1","test_run[0028_CF208.dmp]","N/A","N/A","N/A","N/A","N/A"
"SORM.test_sorm","TestCase1","test_run[0029_CF209.dmp]","N/A","N/A","N/A","N/A","N/A"
"SORM.test_sorm","TestCase1","test_run[0030_CF210.dmp]","N/A","N/A","N/A","N/A","N/A"
"SORM.test_sorm","TestCase1","test_run[0031_CF211.dmp]","N/A","N/A","N/A","N/A","N/A"
"SORM.test_sorm","TestCase1","test_run[0032_CF212.dmp]","N/A","N/A","N/A","N/A","N/A"
"SORM.test_sorm","TestCase1","test_run[0033_CF213.dmp]","N/A","N/A","N/A","N/A","N/A"
"SORM.test_sorm","TestCase1","test_run[0034_CF214.dmp]","N/A","N/A","N/A","N/A","N/A"
"SORM.test_sorm","TestCase1","test_run[0035_CF215.dmp]","N/A","N/A","N/A","N/A","N/A"
"SORM.test_sorm","TestCase1","test_run[0036_CF216.dmp]","N/A","N/A","N/A","N/A","N/A"
"SORM.test_sorm","TestCase1","test_run[0037_CF217.dmp]","N/A","N/A","N/A","N/A","N/A"
"SORM.test_sorm","TestCase1","test_run[0038_CF218.dmp]","N/A","N/A","N/A","N/A","N/A"
"SORM.test_sorm","TestCase1","test_run[0039_CF219.dmp]","N/A","N/A","N/A","N/A","N/A"
"SORM.test_sorm","TestCase1","test_run[0040_CF220.dmp]","N/A","N/A","N/A","N/A","N/A"
"SORM.test_sorm","TestCase1","test_run[0041_CF224.dmp]","N/A","N/A","N/A","N/A","N/A"
"SORM.test_sorm","TestCase1","test_run[0042_CF225.dmp]","N/A","N/A","N/A","N/A","N/A"
"SORM.test_sorm","TestCase1","test_run[0043_CF243.dmp]","N/A","N/A","N/A","N/A","N/A"
"SORM.test_sorm","TestCase1","test_run[0044_CF244.dmp]","N/A","N/A","N/A","N/A","N/A"
"SORM.test_sorm","TestCase1","test_run[0045_CF245.dmp]","N/A","N/A","N/A","N/A","N/A"
"SORM.test_sorm","TestCase1","test_run[dumpname0]","N/A","N/A","N/A","N/A","N/A"
"SORM.test_sorm","TestCase1","test_stop","N/A","N/A","N/A","N/A","N/A"
"SORM.test_sorm_ver2","TestCase1","test_run[0001_CF190.dmp]","PASSED","PASSED","PASSED","PASSED","FAILED"
"SORM.test_sorm_ver2","TestCase1","test_run[0002_CF221.dmp]","PASSED","PASSED","PASSED","PASSED","FAILED"
"SORM.test_sorm_ver2","TestCase1","test_run[0003_CF222.dmp]","FAILED","PASSED","FAILED","PASSED","FAILED"
"SORM.test_sorm_ver2","TestCase1","test_run[0004_CF191.dmp]","PASSED","PASSED","PASSED","PASSED","FAILED"
"SORM.test_sorm_ver2","TestCase1","test_run[0005_CF192.dmp]","PASSED","PASSED","PASSED","PASSED","FAILED"
"SORM.test_sorm_ver2","TestCase1","test_run[0006_CF223.dmp]","FAILED","FAILED","FAILED","FAILED","FAILED"
"SORM.test_sorm_ver2","TestCase1","test_run[0007_CF193.dmp]","PASSED","PASSED","PASSED","PASSED","FAILED"
"SORM.test_sorm_ver2","TestCase1","test_run[0008_CF246.dmp]","PASSED","PASSED","PASSED","PASSED","FAILED"
"SORM.test_sorm_ver2","TestCase1","test_run[0009_CF194.dmp]","PASSED","PASSED","PASSED","PASSED","FAILED"
"SORM.test_sorm_ver2","TestCase1","test_run[0010_CF247.dmp]","PASSED","PASSED","PASSED","PASSED","FAILED"
"SORM.test_sorm_ver2","TestCase1","test_run[0011_CF195.dmp]","PASSED","PASSED","PASSED","PASSED","FAILED"
"SORM.test_sorm_ver2","TestCase1","test_run[0012_CF248.dmp]","PASSED","PASSED","PASSED","PASSED","FAILED"
"SORM.test_sorm_ver2","TestCase1","test_run[0013_CF196.dmp]","PASSED","PASSED","PASSED","PASSED","FAILED"
"SORM.test_sorm_ver2","TestCase1","test_run[0014_CF249.dmp]","PASSED","PASSED","PASSED","PASSED","FAILED"
"SORM.test_sorm_ver2","TestCase1","test_run[0015_CF197.dmp]","PASSED","PASSED","PASSED","PASSED","FAILED"
"SORM.test_sorm_ver2","TestCase1","test_run[0016_CF250.dmp]","PASSED","PASSED","PASSED","PASSED","FAILED"
"SORM.test_sorm_ver2","TestCase1","test_run[0017_CF198.dmp]","PASSED","PASSED","PASSED","PASSED","FAILED"
"SORM.test_sorm_ver2","TestCase1","test_run[0018_CF251.dmp]","PASSED","PASSED","PASSED","PASSED","FAILED"
"SORM.test_sorm_ver2","TestCase1","test_run[0019_CF199.dmp]","PASSED","PASSED","PASSED","PASSED","FAILED"
"SORM.test_sorm_ver2","TestCase1","test_run[0020_CF200.dmp]","PASSED","PASSED","PASSED","PASSED","FAILED"
"SORM.test_sorm_ver2","TestCase1","test_run[0021_CF201.dmp]","PASSED","PASSED","PASSED","PASSED","FAILED"
"SORM.test_sorm_ver2","TestCase1","test_run[0022_CF202.dmp]","PASSED","PASSED","PASSED","PASSED","FAILED"
"SORM.test_sorm_ver2","TestCase1","test_run[0023_CF203.dmp]","PASSED","PASSED","PASSED","PASSED","FAILED"
"SORM.test_sorm_ver2","TestCase1","test_run[0024_CF204.dmp]","PASSED","PASSED","PASSED","PASSED","FAILED"
"SORM.test_sorm_ver2","TestCase1","test_run[0025_CF205.dmp]","PASSED","PASSED","PASSED","PASSED","FAILED"
"SORM.test_sorm_ver2","TestCase1","test_run[0026_CF206.dmp]","PASSED","PASSED","PASSED","PASSED","FAILED"
"SORM.test_sorm_ver2","TestCase1","test_run[0027_CF207.dmp]","PASSED","PASSED","PASSED","PASSED","FAILED"
"SORM.test_sorm_ver2","TestCase1","test_run[0028_CF208.dmp]","PASSED","PASSED","PASSED","PASSED","FAILED"
"SORM.test_sorm_ver2","TestCase1","test_run[0029_CF209.dmp]","SKIPPED","SKIPPED","SKIPPED","SKIPPED","FAILED"
"SORM.test_sorm_ver2","TestCase1","test_run[0030_CF210.dmp]","PASSED","PASSED","PASSED","PASSED","FAILED"
"SORM.test_sorm_ver2","TestCase1","test_run[0031_CF211.dmp]","PASSED","PASSED","PASSED","PASSED","FAILED"
"SORM.test_sorm_ver2","TestCase1","test_run[0032_CF212.dmp]","PASSED","PASSED","PASSED","PASSED","FAILED"
"SORM.test_sorm_ver2","TestCase1","test_run[0033_CF213.dmp]","PASSED","PASSED","PASSED","PASSED","FAILED"
"SORM.test_sorm_ver2","TestCase1","test_run[0034_CF214.dmp]","PASSED","PASSED","PASSED","PASSED","FAILED"
"SORM.test_sorm_ver2","TestCase1","test_run[0035_CF215.dmp]","PASSED","PASSED","PASSED","PASSED","FAILED"
"SORM.test_sorm_ver2","TestCase1","test_run[0036_CF216.dmp]","PASSED","PASSED","PASSED","PASSED","FAILED"
"SORM.test_sorm_ver2","TestCase1","test_run[0037_CF217.dmp]","PASSED","PASSED","PASSED","PASSED","FAILED"
"SORM.test_sorm_ver2","TestCase1","test_run[0038_CF218.dmp]","FAILED","FAILED","FAILED","FAILED","FAILED"
"SORM.test_sorm_ver2","TestCase1","test_run[0039_CF219.dmp]","PASSED","FAILED","FAILED","FAILED","FAILED"
"SORM.test_sorm_ver2","TestCase1","test_run[0040_CF220.dmp]","FAILED","FAILED","FAILED","FAILED","FAILED"
"SORM.test_sorm_ver2","TestCase1","test_run[0041_CF224.dmp]","PASSED","PASSED","PASSED","PASSED","FAILED"
"SORM.test_sorm_ver2","TestCase1","test_run[0042_CF225.dmp]","PASSED","FAILED","PASSED","PASSED","FAILED"
"SORM.test_sorm_ver2","TestCase1","test_run[0043_CF243.dmp]","PASSED","PASSED","PASSED","PASSED","FAILED"
"SORM.test_sorm_ver2","TestCase1","test_run[0044_CF244.dmp]","PASSED","FAILED","PASSED","PASSED","FAILED"
"SORM.test_sorm_ver2","TestCase1","test_run[0045_CF245.dmp]","PASSED","PASSED","PASSED","PASSED","FAILED"
