"Package","Class","Test","482","480","479","478","477"
"(root)","","SORM.test_sorm","N/A","N/A","N/A","N/A","N/A"
"SORM.test_sorm","TestCase1","test_run[0000_start_sorm.dmp]","N/A","N/A","N/A","N/A","N/A"
"SORM.test_sorm","TestCase1","test_run[0009_CFU9.dmp]","N/A","N/A","N/A","N/A","N/A"
"SORM.test_sorm","TestCase1","test_run[0010_CFU10.dmp]","N/A","N/A","N/A","N/A","N/A"
"SORM.test_sorm","TestCase1","test_stop","N/A","N/A","N/A","N/A","N/A"
"test_sorm","TestCase1","test_run[0000_start_sorm.dmp]","N/A","PASSED","PASSED","PASSED","PASSED"
"test_sorm","TestCase1","test_run[0009_CFU9.dmp]","N/A","FAILED","FAILED","FAILED","FAILED"
"test_sorm","TestCase1","test_run[0010_CFU10.dmp]","N/A","FAILED","FAILED","FAILED","FAILED"
"test_sorm","TestCase1","test_stop","N/A","PASSED","PASSED","PASSED","PASSED"
